{
  "loss": [
    5.560795783996582,
    5.550337791442871,
    5.574603080749512,
    5.530969619750977,
    5.513343334197998,
    5.510636329650879,
    5.492465972900391,
    5.405207633972168,
    5.320868968963623,
    5.169089317321777,
    4.9782633781433105,
    4.876651763916016,
    4.767800331115723,
    4.69937801361084,
    4.619610786437988,
    4.60230016708374,
    4.5933122634887695,
    4.530152320861816,
    4.557413101196289,
    4.542293548583984,
    4.518686294555664,
    4.497564315795898,
    4.51550817489624,
    4.480201244354248,
    4.4923505783081055,
    4.513418197631836,
    4.470959663391113,
    4.459072589874268,
    4.4940900802612305,
    4.513045787811279,
    4.523977756500244,
    4.4639058113098145,
    4.487486839294434,
    4.513642311096191,
    4.484155654907227,
    4.460650444030762,
    4.507931709289551,
    4.49326229095459,
    4.455448150634766,
    4.4894514083862305,
    4.502857685089111,
    4.4870476722717285,
    4.482571601867676,
    4.485259532928467,
    4.487168312072754,
    4.480328559875488,
    4.5059709548950195,
    4.493611812591553,
    4.455214500427246,
    4.468845844268799,
    4.472733020782471,
    4.47541618347168,
    4.453863620758057,
    4.460680961608887,
    4.464151382446289,
    4.493803977966309,
    4.488687515258789,
    4.442605018615723,
    4.455544471740723,
    4.490866661071777,
    4.500002384185791,
    4.469890117645264,
    4.484337329864502,
    4.47904109954834,
    4.439120769500732,
    4.438142776489258,
    4.490663528442383,
    4.476893901824951,
    4.492551803588867,
    4.4537129402160645,
    4.454507350921631,
    4.401340484619141,
    4.4333038330078125,
    4.477505207061768,
    4.4359517097473145,
    4.458474159240723,
    4.416579246520996,
    4.47054386138916,
    4.46713924407959,
    4.388138771057129,
    4.50189733505249,
    4.412116050720215,
    4.410019874572754,
    4.404217720031738,
    4.390498161315918,
    4.426525592803955,
    4.429656982421875,
    4.4644880294799805,
    4.412718296051025,
    4.416403770446777,
    4.412429332733154,
    4.456159591674805,
    4.458046913146973,
    4.42441463470459,
    4.432416915893555,
    4.447342872619629,
    4.402779579162598,
    4.414334297180176,
    4.415310859680176,
    4.452901363372803
  ],
  "accuracy": [
    0.0,
    0.0,
    0.0,
    0.0,
    0.0,
    0.0,
    0.0,
    0.02500000037252903,
    0.012500000186264515,
    0.02500000037252903,
    0.012500000186264515,
    0.02500000037252903,
    0.012500000186264515,
    0.0,
    0.02500000037252903,
    0.0,
    0.0,
    0.012500000186264515,
    0.012500000186264515,
    0.012500000186264515,
    0.012500000186264515,
    0.012500000186264515,
    0.012500000186264515,
    0.012500000186264515,
    0.012500000186264515,
    0.0,
    0.012500000186264515,
    0.0,
    0.012500000186264515,
    0.03750000149011612,
    0.0,
    0.012500000186264515,
    0.0,
    0.012500000186264515,
    0.012500000186264515,
    0.02500000037252903,
    0.0,
    0.0,
    0.0,
    0.0,
    0.02500000037252903,
    0.0,
    0.012500000186264515,
    0.0,
    0.03750000149011612,
    0.0,
    0.0,
    0.0,
    0.03750000149011612,
    0.0,
    0.02500000037252903,
    0.02500000037252903,
    0.012500000186264515,
    0.012500000186264515,
    0.0,
    0.03750000149011612,
    0.0,
    0.0,
    0.0,
    0.0,
    0.012500000186264515,
    0.012500000186264515,
    0.012500000186264515,
    0.02500000037252903,
    0.0,
    0.03750000149011612,
    0.0,
    0.0,
    0.02500000037252903,
    0.03750000149011612,
    0.0,
    0.02500000037252903,
    0.012500000186264515,
    0.012500000186264515,
    0.03750000149011612,
    0.012500000186264515,
    0.03750000149011612,
    0.02500000037252903,
    0.012500000186264515,
    0.0,
    0.0,
    0.03750000149011612,
    0.03750000149011612,
    0.0,
    0.03750000149011612,
    0.02500000037252903,
    0.02500000037252903,
    0.0,
    0.02500000037252903,
    0.012500000186264515,
    0.02500000037252903,
    0.03750000149011612,
    0.0,
    0.012500000186264515,
    0.0,
    0.0,
    0.05000000074505806,
    0.03750000149011612,
    0.03750000149011612,
    0.02500000037252903
  ],
  "gate_mean": [
    0.4932602643966675,
    0.42010417580604553,
    0.3702319860458374,
    0.31675657629966736,
    0.28682687878608704,
    0.2657952904701233,
    0.254076212644577,
    0.23984621465206146,
    0.22891168296337128,
    0.22939296066761017,
    0.23820029199123383,
    0.24112170934677124,
    0.21025680005550385,
    0.1917506903409958,
    0.18155092000961304,
    0.16675204038619995,
    0.16421057283878326,
    0.1617414951324463,
    0.1655924767255783,
    0.16448040306568146,
    0.15784232318401337,
    0.15625694394111633,
    0.15423369407653809,
    0.15613950788974762,
    0.1542610079050064,
    0.15269432961940765,
    0.15274076163768768,
    0.14945799112319946,
    0.153563991189003,
    0.15193592011928558,
    0.15064235031604767,
    0.14870856702327728,
    0.14682598412036896,
    0.15329082310199738,
    0.1540268510580063,
    0.15053842961788177,
    0.15368680655956268,
    0.1562792956829071,
    0.14642314612865448,
    0.16861951351165771,
    0.15535973012447357,
    0.1553276926279068,
    0.15270067751407623,
    0.14773476123809814,
    0.15520046651363373,
    0.15003634989261627,
    0.15451250970363617,
    0.15610271692276,
    0.14939337968826294,
    0.154571533203125,
    0.15007780492305756,
    0.15237735211849213,
    0.15670615434646606,
    0.14559440314769745,
    0.14523546397686005,
    0.16203144192695618,
    0.1563556045293808,
    0.14768296480178833,
    0.16073982417583466,
    0.14295311272144318,
    0.15462426841259003,
    0.1550896167755127,
    0.15277503430843353,
    0.1431073397397995,
    0.1570373773574829,
    0.15360768139362335,
    0.15891318023204803,
    0.1499481499195099,
    0.1700393706560135,
    0.1591789722442627,
    0.13941514492034912,
    0.16679781675338745,
    0.16897793114185333,
    0.15587659180164337,
    0.18112339079380035,
    0.1637168526649475,
    0.15944334864616394,
    0.16933344304561615,
    0.14735743403434753,
    0.15996690094470978,
    0.15842707455158234,
    0.17026889324188232,
    0.14899037778377533,
    0.16482461988925934,
    0.17245541512966156,
    0.16229914128780365,
    0.15657779574394226,
    0.16118870675563812,
    0.1606415957212448,
    0.15242743492126465,
    0.15195946395397186,
    0.14590539038181305,
    0.16028405725955963,
    0.1620761901140213,
    0.15620310604572296,
    0.15810325741767883,
    0.15317468345165253,
    0.14084072411060333,
    0.14149917662143707,
    0.1494959592819214
  ],