{
  "loss": [
    5.553086757659912,
    5.366929054260254,
    5.176644325256348,
    4.958078384399414,
    4.7933244705200195,
    4.719935417175293,
    4.671316146850586,
    4.569803237915039,
    4.557714939117432,
    4.4812846183776855,
    4.445405960083008,
    4.447985649108887,
    4.417590618133545,
    4.41083288192749,
    4.369953632354736,
    4.372432708740234,
    4.2698283195495605,
    4.290818214416504,
    4.27346658706665,
    4.236759662628174,
    4.257729530334473,
    4.190398216247559,
    4.30294132232666,
    4.183814525604248,
    4.143857002258301,
    4.152882099151611,
    4.11787748336792,
    4.077676296234131,
    4.135645866394043,
    4.053078651428223,
    4.0832953453063965,
    4.0749101638793945,
    4.0543437004089355,
    3.9681105613708496,
    4.0251078605651855,
    4.047043800354004,
    4.018616199493408,
    3.9868671894073486,
    3.9681620597839355,
    4.094236373901367,
    3.9866912364959717,
    3.9447503089904785,
    3.989759922027588,
    3.9597156047821045,
    3.884592056274414,
    3.9687652587890625,
    4.018457412719727,
    3.97314715385437,
    3.867784023284912,
    3.8566958904266357,
    3.8367526531219482,
    3.9337220191955566,
    3.900158643722534,
    3.8518238067626953,
    3.7803943157196045,
    3.6960346698760986,
    3.8810372352600098,
    3.7089953422546387,
    3.9155821800231934,
    3.7647712230682373,
    3.914297103881836,
    3.810555934906006,
    3.7754886150360107,
    3.8453242778778076,
    3.7810592651367188,
    3.634892702102661,
    3.711758852005005,
    3.7868380546569824,
    3.665952205657959,
    3.712750196456909,
    3.719705581665039,
    3.687411069869995,
    3.816910982131958,
    3.7067856788635254,
    3.7769978046417236,
    3.7797248363494873,
    3.572232484817505,
    3.823167324066162,
    3.604036331176758,
    3.6981239318847656,
    3.6222152709960938,
    3.75364351272583,
    3.593909502029419,
    3.505474805831909,
    3.6755290031433105,
    3.5477757453918457,
    3.5781121253967285,
    3.7376608848571777,
    3.5986874103546143,
    3.6496262550354004,
    3.6654067039489746,
    3.5095672607421875,
    3.573636293411255,
    3.5991764068603516,
    3.5482444763183594,
    3.610154390335083,
    3.3970131874084473,
    3.480567455291748,
    3.6357815265655518,
    3.640967845916748
  ],
  "accuracy": [
    0.0,
    0.02500000037252903,
    0.0,
    0.012500000186264515,
    0.0,
    0.0,
    0.02500000037252903,
    0.02500000037252903,
    0.012500000186264515,
    0.0625,
    0.02500000037252903,
    0.012500000186264515,
    0.0625,
    0.03750000149011612,
    0.02500000037252903,
    0.03750000149011612,
    0.11249999701976776,
    0.0625,
    0.08749999850988388,
    0.0625,
    0.03750000149011612,
    0.03750000149011612,
    0.03750000149011612,
    0.07500000298023224,
    0.11249999701976776,
    0.0625,
    0.0625,
    0.08749999850988388,
    0.0625,
    0.08749999850988388,
    0.05000000074505806,
    0.08749999850988388,
    0.10000000149011612,
    0.0625,
    0.11249999701976776,
    0.08749999850988388,
    0.08749999850988388,
    0.0625,
    0.0625,
    0.07500000298023224,
    0.05000000074505806,
    0.07500000298023224,
    0.11249999701976776,
    0.08749999850988388,
    0.07500000298023224,
    0.08749999850988388,
    0.07500000298023224,
    0.08749999850988388,
    0.03750000149011612,
    0.10000000149011612,
    0.0625,
    0.0625,
    0.0625,
    0.11249999701976776,
    0.125,
    0.15000000596046448,
    0.07500000298023224,
    0.07500000298023224,
    0.05000000074505806,
    0.08749999850988388,
    0.0625,
    0.11249999701976776,
    0.11249999701976776,
    0.08749999850988388,
    0.08749999850988388,
    0.125,
    0.10000000149011612,
    0.0625,
    0.11249999701976776,
    0.03750000149011612,
    0.08749999850988388,
    0.07500000298023224,
    0.0625,
    0.10000000149011612,
    0.03750000149011612,
    0.0625,
    0.08749999850988388,
    0.10000000149011612,
    0.125,
    0.10000000149011612,
    0.08749999850988388,
    0.08749999850988388,
    0.07500000298023224,
    0.10000000149011612,
    0.10000000149011612,
    0.125,
    0.10000000149011612,
    0.05000000074505806,
    0.07500000298023224,
    0.0625,
    0.10000000149011612,
    0.11249999701976776,
    0.08749999850988388,
    0.08749999850988388,
    0.08749999850988388,
    0.07500000298023224,
    0.11249999701976776,
    0.125,
    0.08749999850988388,
    0.0625
  ],
  "step": [
    0,
    10,
    20,
    30,
    40,
    50,
    60,
    70,
    80,
    90,
    100,
    110,
    120,
    130,
    140,
    150,
    160,
    170,
    180,
    190,
    200,
    210,
    220,
    230,
    240,
    250,
    260,
    270,
    280,
    290,
    300,
    310,
    320,
    330,
    340,
    350,
    360,
    370,
    380,
    390,
    400,
    410,
    420,
    430,
    440,
    450,
    460,
    470,
    480,
    490,
    500,
    510,
    520,
    530,
    540,
    550,
    560,
    570,
    580,
    590,
    600,
    610,
    620,
    630,
    640,
    650,
    660,
    670,
    680,
    690,
    700,
    710,
    720,
    730,
    740,
    750,
    760,
    770,
    780,
    790,
    800,
    810,
    820,
    830,
    840,
    850,
    860,
    870,
    880,
    890,
    900,
    910,
    920,
    930,
    940,
    950,
    960,
    970,
    980,
    990
  ]
}