{
  "loss": [
    5.569706916809082,
    5.571511268615723,
    5.537602424621582,
    5.556426525115967,
    5.564810752868652,
    5.5550150871276855,
    5.502506732940674,
    5.430710792541504,
    5.346278190612793,
    5.256072998046875,
    5.111488342285156,
    4.949713706970215,
    4.818441867828369,
    4.723926067352295,
    4.701896667480469,
    4.628781318664551,
    4.6245269775390625,
    4.538750648498535,
    4.570400238037109,
    4.541662693023682,
    4.533956050872803,
    4.501049995422363,
    4.5064287185668945,
    4.54466438293457,
    4.53186559677124,
    4.50711727142334,
    4.473053932189941,
    4.505893707275391,
    4.494253158569336,
    4.482426166534424,
    4.524496555328369,
    4.481829643249512,
    4.4872846603393555,
    4.4638285636901855,
    4.457848072052002,
    4.491313457489014,
    4.485161781311035,
    4.524562835693359,
    4.474743843078613,
    4.488550662994385,
    4.450127601623535,
    4.498969554901123,
    4.490755081176758,
    4.43405818939209,
    4.501888751983643,
    4.4914655685424805,
    4.472213268280029,
    4.47008752822876,
    4.46201753616333,
    4.485037803649902,
    4.4657392501831055,
    4.4496169090271,
    4.4569597244262695,
    4.446774959564209,
    4.478955268859863,
    4.442589282989502,
    4.45794153213501,
    4.458174705505371,
    4.4637532234191895,
    4.499736785888672,
    4.4672746658325195,
    4.485538482666016,
    4.477486610412598,
    4.47717809677124,
    4.4891438484191895,
    4.438187599182129,
    4.468782424926758,
    4.476503372192383,
    4.4690704345703125,
    4.4406023025512695,
    4.463145732879639,
    4.4756646156311035,
    4.482964038848877,
    4.45389986038208,
    4.457755088806152,
    4.482518196105957,
    4.500910758972168,
    4.422440052032471,
    4.467573642730713,
    4.444077491760254,
    4.511719703674316,
    4.489373207092285,
    4.475374698638916,
    4.450418472290039,
    4.468514442443848,
    4.491100788116455,
    4.486386299133301,
    4.459456443786621,
    4.458942413330078,
    4.482378005981445,
    4.4430460929870605,
    4.480270862579346,
    4.446025371551514,
    4.481152534484863,
    4.459708213806152,
    4.496520042419434,
    4.498879432678223,
    4.467065811157227,
    4.435606956481934,
    4.471844673156738
  ],
  "accuracy": [
    0.0,
    0.0,
    0.0,
    0.0,
    0.012500000186264515,
    0.0,
    0.012500000186264515,
    0.012500000186264515,
    0.0,
    0.0,
    0.012500000186264515,
    0.012500000186264515,
    0.012500000186264515,
    0.012500000186264515,
    0.05000000074505806,
    0.012500000186264515,
    0.02500000037252903,
    0.02500000037252903,
    0.012500000186264515,
    0.0,
    0.012500000186264515,
    0.012500000186264515,
    0.0,
    0.012500000186264515,
    0.012500000186264515,
    0.0,
    0.012500000186264515,
    0.0,
    0.02500000037252903,
    0.012500000186264515,
    0.012500000186264515,
    0.012500000186264515,
    0.0,
    0.012500000186264515,
    0.012500000186264515,
    0.02500000037252903,
    0.0,
    0.012500000186264515,
    0.0,
    0.012500000186264515,
    0.02500000037252903,
    0.0,
    0.0,
    0.012500000186264515,
    0.012500000186264515,
    0.05000000074505806,
    0.02500000037252903,
    0.012500000186264515,
    0.0,
    0.012500000186264515,
    0.0,
    0.0,
    0.012500000186264515,
    0.012500000186264515,
    0.02500000037252903,
    0.03750000149011612,
    0.012500000186264515,
    0.012500000186264515,
    0.012500000186264515,
    0.0,
    0.03750000149011612,
    0.0,
    0.012500000186264515,
    0.0,
    0.0,
    0.012500000186264515,
    0.012500000186264515,
    0.012500000186264515,
    0.02500000037252903,
    0.012500000186264515,
    0.012500000186264515,
    0.02500000037252903,
    0.0,
    0.012500000186264515,
    0.0,
    0.012500000186264515,
    0.02500000037252903,
    0.03750000149011612,
    0.02500000037252903,
    0.012500000186264515,
    0.0,
    0.0,
    0.012500000186264515,
    0.0,
    0.0,
    0.0,
    0.0,
    0.0,
    0.012500000186264515,
    0.012500000186264515,
    0.05000000074505806,
    0.0,
    0.0,
    0.0,
    0.0,
    0.0,
    0.0,
    0.02500000037252903,
    0.02500000037252903,
    0.0
  ],
  "step": [
    0,
    10,
    20,
    30,
    40,
    50,
    60,
    70,
    80,
    90,
    100,
    110,
    120,
    130,
    140,
    150,
    160,
    170,
    180,
    190,
    200,
    210,
    220,
    230,
    240,
    250,
    260,
    270,
    280,
    290,
    300,
    310,
    320,
    330,
    340,
    350,
    360,
    370,
    380,
    390,
    400,
    410,
    420,
    430,
    440,
    450,
    460,
    470,
    480,
    490,
    500,
    510,
    520,
    530,
    540,
    550,
    560,
    570,
    580,
    590,
    600,
    610,
    620,
    630,
    640,
    650,
    660,
    670,
    680,
    690,
    700,
    710,
    720,
    730,
    740,
    750,
    760,
    770,
    780,
    790,
    800,
    810,
    820,
    830,
    840,
    850,
    860,
    870,
    880,
    890,
    900,
    910,
    920,
    930,
    940,
    950,
    960,
    970,
    980,
    990
  ]
}