{
  "loss": [
    5.598518371582031,
    5.575127601623535,
    5.552636623382568,
    5.593066215515137,
    5.535203456878662,
    5.516502380371094,
    5.498593330383301,
    5.372815132141113,
    5.327942371368408,
    5.265650749206543,
    5.139081001281738,
    5.0038676261901855,
    4.85393762588501,
    4.798835754394531,
    4.733858108520508,
    4.632439613342285,
    4.641091346740723,
    4.567028522491455,
    4.582884311676025,
    4.570215702056885,
    4.515494346618652,
    4.562047481536865,
    4.511975288391113,
    4.4710845947265625,
    4.500786781311035,
    4.518065452575684,
    4.461086273193359,
    4.467679023742676,
    4.500801086425781,
    4.501252174377441,
    4.4909539222717285,
    4.496682167053223,
    4.482672691345215,
    4.466541290283203,
    4.518925189971924,
    4.487793445587158,
    4.4990105628967285,
    4.486040115356445,
    4.521358013153076,
    4.5098981857299805,
    4.479782581329346,
    4.469976902008057,
    4.468715667724609,
    4.473471641540527,
    4.488263130187988,
    4.4776835441589355,
    4.459748268127441,
    4.460805892944336,
    4.520395755767822,
    4.5125932693481445,
    4.4940505027771,
    4.491175651550293,
    4.502373695373535,
    4.473636150360107,
    4.460535049438477,
    4.46072244644165,
    4.47786808013916,
    4.456903457641602,
    4.496963024139404,
    4.465789794921875,
    4.484461784362793,
    4.452295303344727,
    4.474546909332275,
    4.447749137878418,
    4.47485876083374,
    4.447508811950684,
    4.4602556228637695,
    4.480042457580566,
    4.451455116271973,
    4.4814019203186035,
    4.457889556884766,
    4.444038391113281,
    4.472508907318115,
    4.415890216827393,
    4.4616193771362305,
    4.468165874481201,
    4.466160774230957,
    4.4840312004089355,
    4.442805767059326,
    4.473100185394287,
    4.46718692779541,
    4.454282283782959,
    4.4414472579956055,
    4.4385576248168945,
    4.477720737457275,
    4.468256950378418,
    4.460412502288818,
    4.462874889373779,
    4.459207534790039,
    4.454370021820068,
    4.460474491119385,
    4.439239025115967,
    4.455170631408691,
    4.464135646820068,
    4.492799758911133,
    4.4734063148498535,
    4.449670791625977,
    4.468014240264893,
    4.4600653648376465,
    4.448647975921631
  ],
  "accuracy": [
    0.0,
    0.0,
    0.0,
    0.0,
    0.0,
    0.0,
    0.0,
    0.0,
    0.0,
    0.012500000186264515,
    0.0,
    0.0,
    0.012500000186264515,
    0.0,
    0.012500000186264515,
    0.0,
    0.012500000186264515,
    0.012500000186264515,
    0.0,
    0.02500000037252903,
    0.0,
    0.0,
    0.02500000037252903,
    0.012500000186264515,
    0.012500000186264515,
    0.012500000186264515,
    0.03750000149011612,
    0.05000000074505806,
    0.0,
    0.012500000186264515,
    0.02500000037252903,
    0.012500000186264515,
    0.012500000186264515,
    0.0,
    0.0,
    0.012500000186264515,
    0.03750000149011612,
    0.012500000186264515,
    0.012500000186264515,
    0.02500000037252903,
    0.0,
    0.0,
    0.012500000186264515,
    0.02500000037252903,
    0.0,
    0.0,
    0.03750000149011612,
    0.012500000186264515,
    0.03750000149011612,
    0.0,
    0.0,
    0.0,
    0.02500000037252903,
    0.03750000149011612,
    0.03750000149011612,
    0.012500000186264515,
    0.012500000186264515,
    0.012500000186264515,
    0.0,
    0.02500000037252903,
    0.0,
    0.05000000074505806,
    0.012500000186264515,
    0.0,
    0.012500000186264515,
    0.0,
    0.012500000186264515,
    0.02500000037252903,
    0.0,
    0.012500000186264515,
    0.02500000037252903,
    0.012500000186264515,
    0.0,
    0.02500000037252903,
    0.0,
    0.0,
    0.02500000037252903,
    0.0,
    0.02500000037252903,
    0.012500000186264515,
    0.012500000186264515,
    0.0,
    0.03750000149011612,
    0.012500000186264515,
    0.0,
    0.012500000186264515,
    0.02500000037252903,
    0.02500000037252903,
    0.012500000186264515,
    0.0,
    0.012500000186264515,
    0.0,
    0.0,
    0.012500000186264515,
    0.012500000186264515,
    0.012500000186264515,
    0.012500000186264515,
    0.02500000037252903,
    0.02500000037252903,
    0.012500000186264515
  ],
  "step": [
    0,
    10,
    20,
    30,
    40,
    50,
    60,
    70,
    80,
    90,
    100,
    110,
    120,
    130,
    140,
    150,
    160,
    170,
    180,
    190,
    200,
    210,
    220,
    230,
    240,
    250,
    260,
    270,
    280,
    290,
    300,
    310,
    320,
    330,
    340,
    350,
    360,
    370,
    380,
    390,
    400,
    410,
    420,
    430,
    440,
    450,
    460,
    470,
    480,
    490,
    500,
    510,
    520,
    530,
    540,
    550,
    560,
    570,
    580,
    590,
    600,
    610,
    620,
    630,
    640,
    650,
    660,
    670,
    680,
    690,
    700,
    710,
    720,
    730,
    740,
    750,
    760,
    770,
    780,
    790,
    800,
    810,
    820,
    830,
    840,
    850,
    860,
    870,
    880,
    890,
    900,
    910,
    920,
    930,
    940,
    950,
    960,
    970,
    980,
    990
  ]
}