{
  "loss": [
    5.585923671722412,
    4.745510101318359,
    4.334902763366699,
    4.068779945373535,
    3.844099283218384,
    3.7631125450134277,
    3.607614755630493,
    3.482560873031616,
    3.2966771125793457,
    3.2617757320404053,
    3.134305000305176,
    3.1197524070739746,
    2.9537038803100586,
    2.8639016151428223,
    2.7757413387298584,
    2.6565403938293457,
    2.7236545085906982,
    2.676085948944092,
    2.616227865219116,
    2.633119583129883,
    2.6314477920532227,
    2.5456972122192383,
    2.6081533432006836,
    2.51842999458313,
    2.460865020751953,
    2.4726908206939697,
    2.460141658782959,
    2.571333169937134,
    2.440619945526123,
    2.4839205741882324,
    2.4310150146484375,
    2.4617533683776855,
    2.319531202316284,
    2.35341739654541,
    2.352694511413574,
    2.3957393169403076,
    2.417693853378296,
    2.4159703254699707,
    2.350762128829956,
    2.259023666381836,
    2.3102145195007324,
    2.332507610321045,
    2.2599010467529297,
    2.323885440826416,
    2.323728322982788,
    2.2640275955200195,
    2.3030614852905273,
    2.317699670791626,
    2.1922543048858643,
    2.251002311706543,
    2.3092904090881348,
    2.255176067352295,
    2.2227649688720703,
    2.2357311248779297,
    2.2499470710754395,
    2.3042094707489014,
    2.248204231262207,
    2.279982089996338,
    2.2303545475006104,
    2.341899871826172,
    2.2672905921936035,
    2.2425649166107178,
    2.175403118133545,
    2.2723636627197266,
    2.2296948432922363,
    2.2684359550476074,
    2.3556430339813232,
    2.187988758087158,
    2.2579784393310547,
    2.3045902252197266
  ],
  "accuracy": [
    0.0,
    0.03125,
    0.109375,
    0.125,
    0.171875,
    0.125,
    0.109375,
    0.109375,
    0.15625,
    0.09375,
    0.125,
    0.0625,
    0.09375,
    0.140625,
    0.171875,
    0.140625,
    0.09375,
    0.15625,
    0.078125,
    0.125,
    0.140625,
    0.125,
    0.125,
    0.109375,
    0.125,
    0.140625,
    0.125,
    0.09375,
    0.15625,
    0.09375,
    0.171875,
    0.078125,
    0.1875,
    0.140625,
    0.203125,
    0.125,
    0.078125,
    0.140625,
    0.09375,
    0.203125,
    0.09375,
    0.09375,
    0.1875,
    0.109375,
    0.140625,
    0.09375,
    0.09375,
    0.109375,
    0.171875,
    0.125,
    0.09375,
    0.109375,
    0.171875,
    0.09375,
    0.15625,
    0.09375,
    0.109375,
    0.125,
    0.125,
    0.09375,
    0.140625,
    0.140625,
    0.140625,
    0.140625,
    0.15625,
    0.09375,
    0.0625,
    0.140625,
    0.09375,
    0.09375
  ],
  "gate_mean": [
    0.48657071590423584,
    0.17345693707466125,
    0.17388427257537842,
    0.14296835660934448,
    0.15635934472084045,
    0.1584276258945465,
    0.14992709457874298,
    0.1504479944705963,
    0.14516237378120422,
    0.14933016896247864,
    0.15441946685314178,
    0.14916156232357025,
    0.1498601734638214,
    0.15856944024562836,
    0.14295697212219238,
    0.15329667925834656,
    0.15254801511764526,
    0.1632847785949707,
    0.14195112884044647,
    0.15071731805801392,
    0.1568380892276764,
    0.14785996079444885,
    0.15685616433620453,
    0.16080738604068756,
    0.13620230555534363,
    0.14301294088363647,
    0.14869527518749237,
    0.15336939692497253,
    0.13481327891349792,
    0.16418471932411194,
    0.14117538928985596,
    0.15600205957889557,
    0.13808228075504303,
    0.15571251511573792,
    0.15137597918510437,
    0.14828552305698395,
    0.14546740055084229,
    0.13813403248786926,
    0.14330004155635834,
    0.13964605331420898,
    0.1441154181957245,
    0.1470252424478531,
    0.14491736888885498,
    0.1466030478477478,
    0.14709335565567017,
    0.16579186916351318,
    0.14277468621730804,
    0.1486317366361618,
    0.13775017857551575,
    0.1409444510936737,
    0.15256178379058838,
    0.15541014075279236,
    0.15201620757579803,
    0.14722737669944763,
    0.15234044194221497,
    0.1625000387430191,
    0.14705051481723785,
    0.14214766025543213,
    0.15700195729732513,
    0.13253143429756165,
    0.13970419764518738,
    0.1428309977054596,
    0.14063820242881775,
    0.15114173293113708,
    0.15061458945274353,
    0.14894674718379974,
    0.15256723761558533,
    0.13984477519989014,
    0.1514350026845932,
    0.1483667492866516
  ],
  "gate_at_queries": [
    0.4598131775856018,
    0.03951895982027054,
    0.07584267854690552,
    0.061200570315122604,
    0.0822073370218277,
    0.1165456622838974,
    0.10599935054779053,
    0.11735513061285019,
    0.10932062566280365,
    0.15069879591464996,
    0.12623576819896698,
    0.11905105412006378,
    0.11959140002727509,
    0.15124955773353577,
    0.10032401233911514,
    0.1426687240600586,
    0.13116437196731567,
    0.1778043955564499,
    0.13019344210624695,
    0.1353718638420105,
    0.15438342094421387,
    0.11855579912662506,
    0.1542801558971405,
    0.1648843139410019,
    0.10548421740531921,
    0.12356598675251007,
    0.14321520924568176,
    0.17495636641979218,
    0.11791585385799408,
    0.16092240810394287,
    0.11271157115697861,
    0.12111987918615341,
    0.12443950027227402,
    0.14005827903747559,
    0.14117807149887085,
    0.12205813080072403,
    0.12189146876335144,
    0.10969092696905136,
    0.09732480347156525,
    0.13265608251094818,
    0.10322963446378708,
    0.11698764562606812,
    0.11955240368843079,
    0.11688798666000366,
    0.11260892450809479,
    0.12564659118652344,
    0.11034323275089264,
    0.11569535732269287,
    0.10775624215602875,
    0.10794784128665924,
    0.1243365928530693,
    0.12919095158576965,
    0.10459667444229126,
    0.09715205430984497,
    0.12204713374376297,
    0.1448388397693634,
    0.11399073898792267,
    0.10157668590545654,
    0.10489832609891891,
    0.08616943657398224,
    0.08460377156734467,
    0.10521365702152252,
    0.0985371470451355,
    0.10692860931158066,
    0.11495160311460495,
    0.0981220155954361,
    0.10826782882213593,
    0.07898306846618652,
    0.10789019614458084,
    0.10799463838338852
  ],
  "gate_at_filler": [
    0.4634101390838623,
    0.03296009451150894,
    0.12742073833942413,
    0.11396697163581848,
    0.14993225038051605,
    0.208367258310318,
    0.18614627420902252,
    0.21126475930213928,
    0.19185952842235565,
    0.25582993030548096,
    0.21217414736747742,
    0.21410401165485382,
    0.20787513256072998,
    0.26327934861183167,
    0.18140269815921783,
    0.24116773903369904,
    0.2372046560049057,
    0.2863520681858063,
    0.22719474136829376,
    0.24439331889152527,
    0.2735874354839325,
    0.21567770838737488,
    0.251944363117218,
    0.2897544503211975,
    0.203521728515625,
    0.23535498976707458,
    0.26023486256599426,
    0.2988910675048828,
    0.23483046889305115,
    0.2929193675518036,
    0.21278057992458344,
    0.2285190224647522,
    0.22702933847904205,
    0.2674476206302643,
    0.26750922203063965,
    0.230343297123909,
    0.23957929015159607,
    0.2300865799188614,
    0.21092739701271057,
    0.275530070066452,
    0.21016040444374084,
    0.23793277144432068,
    0.23705288767814636,
    0.2408122718334198,
    0.23566992580890656,
    0.2639443874359131,
    0.23805484175682068,
    0.25678005814552307,
    0.24837999045848846,
    0.22970549762248993,
    0.26924458146095276,
    0.28434666991233826,
    0.229122132062912,
    0.22807426750659943,
    0.25636914372444153,
    0.28470632433891296,
    0.2640819847583771,
    0.2342698723077774,
    0.2584497034549713,
    0.2143101543188095,
    0.22635018825531006,
    0.24844661355018616,
    0.2345508188009262,
    0.2646028697490692,
    0.2714846134185791,
    0.23611031472682953,
    0.2531166672706604,
    0.20799775421619415,
    0.251185804605484,
    0.25411808490753174
  ],