{
  "loss": [
    5.573460102081299,
    4.650505065917969,
    4.358579158782959,
    4.149783134460449,
    4.030900955200195,
    3.9027469158172607,
    3.7609176635742188,
    3.8436360359191895,
    3.6766674518585205,
    3.6832358837127686,
    3.459444046020508,
    3.62841796875,
    3.3712944984436035,
    3.308814525604248,
    3.34542179107666,
    3.3296632766723633,
    3.145632266998291,
    3.107452154159546,
    3.219632863998413,
    3.2240521907806396,
    3.2037835121154785,
    3.16684627532959,
    3.14908504486084,
    3.168009042739868,
    3.035000801086426,
    3.113659143447876,
    3.0589709281921387,
    3.0127673149108887,
    3.0809555053710938,
    2.9061055183410645,
    3.0606343746185303,
    2.9471895694732666,
    2.8768317699432373,
    3.0679800510406494,
    2.862015724182129,
    3.0463385581970215,
    2.762404203414917,
    3.1273789405822754,
    2.858691453933716,
    2.9003896713256836,
    2.854205846786499,
    2.814492702484131,
    2.769476890563965,
    2.9488906860351562,
    2.882197141647339,
    2.770648717880249,
    2.7693536281585693,
    2.7440459728240967,
    2.744320869445801,
    2.6642394065856934,
    2.723217487335205,
    2.814169406890869,
    3.006153106689453,
    2.8397774696350098,
    2.739522695541382,
    2.46748685836792,
    2.755648612976074,
    2.7583208084106445,
    2.7794084548950195,
    2.6729536056518555,
    2.572223663330078,
    2.7554874420166016,
    2.703134536743164,
    2.5461935997009277,
    2.5881154537200928,
    2.6925203800201416,
    2.7702035903930664,
    2.6793954372406006,
    2.7201027870178223,
    2.7268900871276855
  ],
  "accuracy": [
    0.0,
    0.046875,
    0.09375,
    0.125,
    0.140625,
    0.09375,
    0.15625,
    0.0625,
    0.046875,
    0.0625,
    0.125,
    0.09375,
    0.140625,
    0.15625,
    0.1875,
    0.109375,
    0.140625,
    0.140625,
    0.125,
    0.09375,
    0.125,
    0.09375,
    0.0625,
    0.125,
    0.140625,
    0.0625,
    0.15625,
    0.109375,
    0.09375,
    0.1875,
    0.140625,
    0.109375,
    0.15625,
    0.078125,
    0.1875,
    0.078125,
    0.15625,
    0.140625,
    0.125,
    0.109375,
    0.09375,
    0.1875,
    0.125,
    0.15625,
    0.140625,
    0.125,
    0.125,
    0.171875,
    0.140625,
    0.15625,
    0.125,
    0.09375,
    0.125,
    0.078125,
    0.125,
    0.1875,
    0.1875,
    0.109375,
    0.125,
    0.15625,
    0.140625,
    0.109375,
    0.125,
    0.140625,
    0.15625,
    0.140625,
    0.109375,
    0.109375,
    0.171875,
    0.109375
  ],
  "step": [
    0,
    100,
    200,
    300,
    400,
    500,
    600,
    700,
    800,
    900,
    1000,
    1100,
    1200,
    1300,
    1400,
    1500,
    1600,
    1700,
    1800,
    1900,
    2000,
    2100,
    2200,
    2300,
    2400,
    2500,
    2600,
    2700,
    2800,
    2900,
    3000,
    3100,
    3200,
    3300,
    3400,
    3500,
    3600,
    3700,
    3800,
    3900,
    4000,
    4100,
    4200,
    4300,
    4400,
    4500,
    4600,
    4700,
    4800,
    4900,
    5000,
    5100,
    5200,
    5300,
    5400,
    5500,
    5600,
    5700,
    5800,
    5900,
    6000,
    6100,
    6200,
    6300,
    6400,
    6500,
    6600,
    6700,
    6800,
    6900
  ]
}