{
  "loss": [
    5.5684003829956055,
    5.5697220420837406,
    5.517554421424865,
    5.105675983428955,
    4.686732687950134,
    4.316771893501282,
    4.059538872241974,
    3.8550431299209595,
    3.6779970502853394,
    3.5214996457099916,
    3.3953681921958925,
    3.2717029595375062,
    3.161566472053528,
    3.069997975826263,
    2.9989859366416933,
    2.9237700939178466,
    2.8510145807266234,
    2.8064761114120484,
    2.7575578236579896,
    2.7167126893997193,
    2.679513146877289,
    2.6450313353538513,
    2.628920564651489,
    2.6072711730003357,
    2.5716977286338807,
    2.560595703125,
    2.5354227352142336,
    2.5160459876060486,
    2.5047144055366517,
    2.4889886569976807,
    2.471986920833588,
    2.4692183756828308,
    2.446083891391754,
    2.448960521221161,
    2.4316237068176267,
    2.430159649848938,
    2.4243338561058043,
    2.4125988984107973,
    2.401866798400879,
    2.3957457828521727,
    2.3990269470214844,
    2.3895616841316225,
    2.3859314155578613,
    2.3843682312965395,
    2.3822383809089662,
    2.371220169067383,
    2.3619463205337525,
    2.35964772939682,
    2.3573036670684813,
    2.349079632759094,
    2.35518669128418,
    2.348621861934662,
    2.341371817588806,
    2.3539610171318053,
    2.347443265914917,
    2.341873621940613,
    2.3328170347213746,
    2.3416180181503297,
    2.3347877883911132,
    2.3424820947647094,
    2.331638958454132,
    2.3390257954597473,
    2.3397069692611696,
    2.3329358077049256,
    2.3261745500564577,
    2.3283619046211244,
    2.3271660470962523,
    2.3403844022750855,
    2.3315057134628296,
    2.3320149683952334
  ],
  "accuracy": [
    0.0,
    0.0,
    0.0,
    0.01140625,
    0.02734375,
    0.11734375,
    0.1221875,
    0.12390625,
    0.1284375,
    0.1221875,
    0.12125,
    0.12609375,
    0.12734375,
    0.1275,
    0.11984375,
    0.12625,
    0.13109375,
    0.12734375,
    0.12859375,
    0.13234375,
    0.12703125,
    0.1225,
    0.12546875,
    0.11953125,
    0.13296875,
    0.124375,
    0.124375,
    0.13,
    0.1265625,
    0.12453125,
    0.130625,
    0.12515625,
    0.12984375,
    0.12359375,
    0.13078125,
    0.1221875,
    0.1246875,
    0.1271875,
    0.121875,
    0.12625,
    0.121875,
    0.1228125,
    0.1246875,
    0.1175,
    0.1196875,
    0.12203125,
    0.129375,
    0.12609375,
    0.12796875,
    0.13453125,
    0.1196875,
    0.12125,
    0.12515625,
    0.12171875,
    0.12109375,
    0.120625,
    0.12765625,
    0.124375,
    0.12546875,
    0.12328125,
    0.12359375,
    0.12265625,
    0.12546875,
    0.12515625,
    0.1296875,
    0.12859375,
    0.12765625,
    0.12734375,
    0.128125,
    0.128125
  ],
  "step": [
    0,
    100,
    200,
    300,
    400,
    500,
    600,
    700,
    800,
    900,
    1000,
    1100,
    1200,
    1300,
    1400,
    1500,
    1600,
    1700,
    1800,
    1900,
    2000,
    2100,
    2200,
    2300,
    2400,
    2500,
    2600,
    2700,
    2800,
    2900,
    3000,
    3100,
    3200,
    3300,
    3400,
    3500,
    3600,
    3700,
    3800,
    3900,
    4000,
    4100,
    4200,
    4300,
    4400,
    4500,
    4600,
    4700,
    4800,
    4900,
    5000,
    5100,
    5200,
    5300,
    5400,
    5500,
    5600,
    5700,
    5800,
    5900,
    6000,
    6100,
    6200,
    6300,
    6400,
    6500,
    6600,
    6700,
    6800,
    6900
  ],
  "gate_at_queries": [],
  "gate_at_filler": []
}