{
  "loss": [
    5.56181001663208,
    5.567843775749207,
    5.522241687774658,
    5.104318614006043,
    4.626432080268859,
    4.2605798625946045,
    4.014338617324829,
    3.802671449184418,
    3.6200064849853515,
    3.4573002862930298,
    3.3151313829422,
    3.1936004638671873,
    3.0804108595848083,
    2.9966085934638977,
    2.910203239917755,
    2.840854547023773,
    2.789409012794495,
    2.7412373638153076,
    2.6827854347229003,
    2.65509290933609,
    2.620445280075073,
    2.594933612346649,
    2.560025544166565,
    2.5339830207824705,
    2.5202047443389892,
    2.5016608810424805,
    2.4824286556243895,
    2.4716105175018313,
    2.4589115858078,
    2.441599977016449,
    2.436171503067017,
    2.414225103855133,
    2.4204559350013732,
    2.402669529914856,
    2.3968748688697814,
    2.3905194282531737,
    2.378523290157318,
    2.373894522190094,
    2.3645194292068483,
    2.347374687194824,
    2.3510516405105593,
    2.346264724731445,
    2.345625030994415,
    2.3348754453659057,
    2.3365637493133544,
    2.3367597556114195,
    2.3366034865379333,
    2.3248673248291016,
    2.329814302921295,
    2.3311220598220825,
    2.318890783786774,
    2.3226770782470703,
    2.3090990877151487,
    2.3174904012680053,
    2.319375672340393,
    2.309080400466919,
    2.318483431339264,
    2.3085044598579407,
    2.310132956504822,
    2.303057515621185,
    2.3048918509483336,
    2.304735231399536,
    2.3018279671669006,
    2.3043580651283264,
    2.307400028705597,
    2.3079840302467347,
    2.309686336517334,
    2.3001039838790893,
    2.2994595885276796,
    2.3029858112335204
  ],
  "accuracy": [
    0.0,
    0.0,
    0.0,
    0.01734375,
    0.06453125,
    0.12375,
    0.12546875,
    0.1221875,
    0.12546875,
    0.12515625,
    0.12328125,
    0.11875,
    0.1228125,
    0.12296875,
    0.12484375,
    0.1234375,
    0.1225,
    0.12515625,
    0.12875,
    0.12453125,
    0.1321875,
    0.12203125,
    0.12375,
    0.129375,
    0.1228125,
    0.12296875,
    0.13296875,
    0.12390625,
    0.12203125,
    0.12625,
    0.1221875,
    0.12796875,
    0.12328125,
    0.12546875,
    0.12359375,
    0.1259375,
    0.11828125,
    0.1284375,
    0.12421875,
    0.13453125,
    0.129375,
    0.128125,
    0.12734375,
    0.126875,
    0.12765625,
    0.12765625,
    0.12296875,
    0.12671875,
    0.12421875,
    0.118125,
    0.12734375,
    0.1265625,
    0.1303125,
    0.1271875,
    0.1265625,
    0.1290625,
    0.1246875,
    0.12890625,
    0.1284375,
    0.12859375,
    0.12421875,
    0.12703125,
    0.12546875,
    0.12453125,
    0.121875,
    0.12875,
    0.12015625,
    0.13140625,
    0.12625,
    0.12734375
  ],
  "step": [
    0,
    100,
    200,
    300,
    400,
    500,
    600,
    700,
    800,
    900,
    1000,
    1100,
    1200,
    1300,
    1400,
    1500,
    1600,
    1700,
    1800,
    1900,
    2000,
    2100,
    2200,
    2300,
    2400,
    2500,
    2600,
    2700,
    2800,
    2900,
    3000,
    3100,
    3200,
    3300,
    3400,
    3500,
    3600,
    3700,
    3800,
    3900,
    4000,
    4100,
    4200,
    4300,
    4400,
    4500,
    4600,
    4700,
    4800,
    4900,
    5000,
    5100,
    5200,
    5300,
    5400,
    5500,
    5600,
    5700,
    5800,
    5900,
    6000,
    6100,
    6200,
    6300,
    6400,
    6500,
    6600,
    6700,
    6800,
    6900
  ],
  "gate_at_queries": [],
  "gate_at_filler": []
}

//Model: ssm
//Parameters: 397,044
//Config: aptgm/configs/ssm_seq64.yaml
//Sequence length: 64
//KV pairs: 8, Queries: 4